{
  "tasks": [
    {
      "Id": "1",
      "name": "Jagadish",
      "tasks": "complete",
      "date": "2021-03-03",
      "id": 1
    },
    {
      "Id": "2",
      "name": "jag",
      "tasks": "complete",
      "date": "2021-03-10",
      "id": 2
    },
    {
      "Id": "1",
      "name": "KORRAPATI",
      "tasks": "complete",
      "date": "2021-03-26",
      "id": 3
    },
    {
      "Id": "",
      "name": "",
      "tasks": "",
      "date": "",
      "id": 4
    },
    {
      "Id": "6",
      "name": "jaga",
      "tasks": "complete",
      "date": "2021-03-18",
      "id": 5
    },
    {
      "Id": "6",
      "name": "KORRAPATI",
      "tasks": "complete",
      "date": "2021-03-12",
      "id": 6
    },
    {
      "Id": "1",
      "name": "Jagadish",
      "tasks": "complete",
      "date": "2021-03-11",
      "id": 7
    },
    {
      "Id": "123",
      "name": "sdf",
      "tasks": "complete",
      "date": "2021-03-04",
      "id": 8
    },
    {
      "Id": "1",
      "name": "indra",
      "tasks": "complete",
      "date": "2021-03-09",
      "id": 9
    },
    {
      "Id": "7",
      "name": "Jagadish",
      "tasks": "complete",
      "date": "2021-03-05",
      "id": 10
    },
    {
      "Id": "12",
      "name": "ram",
      "tasks": "compile",
      "date": "2021-04-08",
      "id": 11
    },
    {
      "Id": "12",
      "name": "Jagadish",
      "tasks": "ght",
      "date": "2021-03-18",
      "id": 12
    },
    {
      "Id": "23",
      "name": "june",
      "tasks": "ver",
      "date": "2021-03-03",
      "id": 13
    },
    {
      "Id": "45",
      "name": "srf",
      "tasks": "zoom",
      "date": "2021-03-27",
      "id": 14
    },
    {
      "Id": "20",
      "name": "jack",
      "tasks": "venus",
      "date": "2021-03-19",
      "id": 15
    },
    {
      "Id": "45",
      "name": "cat",
      "tasks": "ent",
      "date": "2021-03-25",
      "id": 16
    },
    {
      "Id": "6",
      "name": "dfg",
      "tasks": "567",
      "date": "2021-03-25",
      "id": 17
    },
    {
      "Id": "50",
      "name": "gang",
      "tasks": "hut",
      "date": "2021-04-08",
      "id": 18
    },
    {
      "Id": "",
      "name": "",
      "tasks": "",
      "date": "",
      "id": 19
    },
    {
      "Id": "87",
      "name": "nbv",
      "tasks": "zxc",
      "date": "2021-03-25",
      "id": 20
    },
    {
      "Id": "34",
      "name": "fghjkk",
      "tasks": "xcv",
      "date": "2021-03-25",
      "id": 21
    },
    {
      "Id": "",
      "name": "",
      "tasks": "",
      "date": "",
      "id": 22
    },
    {
      "Id": "22",
      "name": "xcv",
      "tasks": "fgh",
      "date": "2021-03-20",
      "id": 23
    },
    {
      "Id": "22",
      "name": "xcv",
      "tasks": "fgh",
      "date": "2021-03-20",
      "id": 24
    },
    {
      "Id": "78",
      "name": "negh",
      "tasks": "bhgj",
      "date": "2021-03-18",
      "id": 25
    },
    {
      "Id": "78",
      "name": "negh",
      "tasks": "bhgj",
      "date": "2021-03-18",
      "id": 26
    },
    {
      "Id": "44",
      "name": "venu",
      "tasks": "nug",
      "date": "2021-03-18",
      "id": 27
    },
    {
      "Id": "6",
      "name": "dfg",
      "tasks": "xcv",
      "date": "2021-03-04",
      "id": 28
    },
    {
      "Id": "6",
      "name": "dfg",
      "tasks": "xcv",
      "date": "2021-03-04",
      "id": 29
    },
    {
      "Id": "55",
      "name": "jkl",
      "tasks": "bnm",
      "date": "2021-03-16",
      "id": 30
    },
    {
      "Id": "88",
      "name": "ghj",
      "tasks": "xxc",
      "date": "2021-03-23",
      "id": 31
    },
    {
      "Id": "99",
      "name": "sai",
      "tasks": "play",
      "date": "2021-03-18",
      "id": 32
    },
    {
      "Id": "52",
      "name": "jay",
      "tasks": "ktyu",
      "date": "2021-03-11",
      "id": 33
    },
    {
      "Id": "48",
      "name": "vgh",
      "tasks": "mkj",
      "date": "2021-04-07",
      "id": 34
    },
    {
      "Id": "24",
      "name": "cvb",
      "tasks": "ty5",
      "date": "2021-03-03",
      "id": 35
    },
    {
      "Id": "21",
      "name": "vishnu",
      "tasks": "jha",
      "date": "2021-03-11",
      "id": 36
    }
  ]
}